<RSAKeyValue><Modulus>3xtAdQBE7yKRhn+y3eGdErN/aW+5+OQndrjQWElf1PwEABilfDEEwB/W2yaea0GS3xdaYPDrYEmseiVOGXsU6CFNDmOk8Qy1vVFvP+hZCmd1DOr8riIgMk73dO5NViFTgFyCBWldR6Iclka2u5k/FzSNrQxrhncRCwRyZeNlnsU=</Modulus><Exponent>AQAB</Exponent><P>8NTcJ7WB5Ke9+M9fKz6rvvo6dv7VIzlj1koPI5AZm4uVnY+KQUSr+kUvddlFLeo1gdh9n5teG7j6mHGFCJThUw==</P><Q>7SiYabfm+C9lpRQal+ndVkex89J8Nql7lk5IU6juC/I8TQj2X3BQAQBYOZ8bFm/3x7cfpdmcVmgnkjPsqfyEhw==</Q><DP>II/XOHM9HcpkUCjRqEov9IFmuEIaVUnkKswWoetQ2wwTbZtDyTFcw1jpYti+lses9mJsEdFy9vKax1PJ9fATSw==</DP><DQ>1vnYhuRUMx9LxUMfBBvTLlXZIornW+lwBQS7HVLhTeTr8mywYDz/2JiGYN0wAbvHYLtHreA/jjflvurgmgoz2w==</DQ><InverseQ>Zbv1ls8UNAsgy1iRs6cy4PbdmHN6ECJvmyt5wyY2B30S1cHVe9aj9PlONwhUGCPFOft/9d9vWgUVFayqJOZzCA==</InverseQ><D>tW2F1x9m70gfK07A96o2fzS0kdsnUnzGksbrtj/EzIA8CJACUqHSCSJbKE+ZWAM1GnH1Lwv7fIus1I9tmU77ydxG6QGH4xl6XWcibPllHmTn6rAPkx3KsJIhYuao/sAYwgkkKrS6FvsPu2/GZ6L7nDVacR4M9AQ3zBUBlDn4+mk=</D></RSAKeyValue>