<RSAKeyValue><Modulus>lgU+luMbBQtBtfnKBR1Wv5pVhe3DZemhjGRLmC8ratCzXJOCGApr9GbNg1S4lEHGDh31dOXdivSznoqRYaxUVXJIX3Tma/PKm6jGhhrWA6Vgqy0nyTncEkzD7dX6ay2Ainb9rysI1lJpctZE4ENBuqdit1HWTUrv6Jg7UsnKA00=</Modulus><Exponent>AQAB</Exponent><P>wGiIoEdBBs7gQu59LC0m/n0V1B4sEqq/IYyAJvYypFxmcJzZMh+dmV5DxumteFhhOA26/zSW67vQY7+UZGv6pw==</P><Q>x5pR05ePMpC3y3oBMKJT+qqa0ByMI3o63Y3nINOIneLb6xmBGPqnx9WkKYnSJaWkquVko08eqlQXcAWSO1c06w==</Q><DP>blPCe/0/mTLIvzhXSBx/7o81FBNU/EMyI3+YAD9N3JcrGkml9SrRyJ6XyJg3ovkyjdy5rBqwq21fWcMByO9tow==</DP><DQ>fjfFeomiUZVVw+OYkQp1FFOBpgwHSf/m7WboOsfI4h4sdtQf4I3QPvuH3YR7ULcYE8EPDH3hpE+cqoe7Wq7glQ==</DQ><InverseQ>T2g6iANIvCFCpQXLEF5dCPPVQ+zmeyoxbh4hr5lKY/dVjri1oyFaXlTSfOK2mpB5ANYeIEYcHdP7tvnnJiGpsQ==</InverseQ><D>D5h5+jufynVyHlXaX4++PerwaxzdjFGuXqbqiOaWb+NEUiJvispCkMTDJpz/F0KDMWKB6uYektx/c8LZ/DprBdI76ejCfrjxeQ1qKwnhKgIlZj4nzvYA6cDhF8DeZNtjDPjxAGzLIzxAIbFkg9SKZldpdm5eerDt/IZv9oVj8k0=</D></RSAKeyValue>